win_i,start_idx,end_idx,center_idx,center_time,win_label,s1__psd_peak_freq,s1__psd_peak_power,s1__bandpower_0_0.01,s1__bandpower_0.01_0.03,s1__bandpower_0.03_0.5,s1__phase_lag,s1__xcorr_score,s1__corrcoef_aligned,s1__mse,s1__rmse,s1__nrmse,s1__mae,s1__mean,s1__median,s1__has_hit,s1__peak_amplitude,s1__hit_samples,s1__counts,s1__duration_samples,s1__rise_time_samples,s1__signal_strength_l1,s1__energy_l2
0.0,0.0,255.0,128.0,1.28,0.0,0.00390625,1.587732879939856,0.01013854842265505,0.0033013836300233913,0.007859738782283045,0,0.8083686514753078,0.8083686514754502,0.009412680769437713,0.09701897118315424,0.19665873462499406,0.07620492190856581,-0.02381533608168291,-0.025210580850945352,0,0.43733381804597943,0,0,0,0,34.21419296421597,6.951678859965034
1.0,256.0,511.0,384.0,3.84,0.0,0.00390625,1.3002373529815374,0.007988642034458327,0.0031535746275370463,0.009369305967213389,0,0.7479223971418086,0.7479223971419473,0.011095315690347654,0.10533430443282783,0.21351402483188392,0.08304500530661957,-0.0007210080231361236,0.0010865236052633,0,0.44066862270514473,0,0,0,0,31.854413276972295,6.263044082051865
2.0,512.0,767.0,640.0,6.4,0.0,0.00390625,1.7767241070725517,0.011483742787726407,0.0031047481795486347,0.008564936475181476,0,0.7897102176335715,0.7897102176337077,0.010651568738072409,0.10320643748367836,0.2092008104515737,0.0826843553686713,0.0026768725958252054,-0.0030047786492279,0,0.4123162989712978,0,0,0,0,35.23119223747316,7.242722851298665
3.0,768.0,1023.0,896.0,8.96,0.0,0.00390625,2.3376622380948815,0.01508281986369459,0.0018118979271931266,0.00839445935515066,0,0.8297516795755208,0.8297516795756595,0.009421581625318929,0.09706483207279003,0.19675169525335945,0.07741703608287873,0.000467355880139346,0.0234045889956795,0,0.44524969958661204,0,0,0,0,35.86712045713537,7.677018081212001
4.0,1024.0,1279.0,1152.0,11.52,0.0,0.00390625,2.4013666682296964,0.01562747234257427,0.003653616867700589,0.00956594658999345,0,0.8437856731440719,0.843785673144206,0.0100179559441354,0.10008973945482824,0.20288322242639475,0.07652165215200193,-0.009960543447806551,-0.0114098375021132,0,0.49472638635762534,0,0,0,0,38.02451028654157,8.563567002080879
5.0,1280.0,1535.0,1408.0,14.08,0.0,0.00390625,1.917648650893245,0.012332398482243396,0.0021232785421861264,0.007664245674940616,0,0.7962832856173494,0.796283285617488,0.010274704605944342,0.10136421758167101,0.2054666064045548,0.08226167833663925,0.0011562348166600685,0.00648511027795855,0,0.43806669024148787,0,0,0,0,34.27761301446234,7.186747453088593
6.0,1536.0,1791.0,1664.0,16.64,0.0,0.00390625,2.0967238194768796,0.012847483183314327,0.0018623860745769871,0.00978141222990437,0,0.7902297260863435,0.7902297260864792,0.010702686267896389,0.10345378807900844,0.20970219337177107,0.08371162772788474,-0.004000226669796162,-0.0012964160248533502,0,0.47205659498356656,0,0,0,0,34.295452589476525,7.294659325953291
7.0,1792.0,2047.0,1920.0,19.2,0.0,0.00390625,1.597731496944164,0.010464719826965872,0.0028627588123306927,0.011028290407877506,0,0.8052434320402553,0.8052434320403958,0.009652639665870493,0.09824784814880422,0.19914968444776943,0.07604333106257075,0.00019674972865934073,0.010214239219832551,0,0.46121891246163366,0,0,0,0,34.66246666737587,7.027117425700917
8.0,2048.0,2303.0,2176.0,21.76,0.0,0.00390625,1.7291158888313325,0.011133771401439986,0.00199986599200256,0.007625440905353953,0,0.813710655225603,0.8137106552257439,0.009449516244411923,0.09720862227401396,0.1970431598883615,0.07821007376720494,0.006880632656626182,-0.00186641433592585,0,0.3947967066614127,0,0,0,0,35.31388126455265,7.158368978083185
9.0,2304.0,2559.0,2432.0,24.32,0.0,0.00390625,1.967338819430963,0.012683810283935917,0.002913195664087029,0.008745190495121444,0,0.8091461039132571,0.8091461039133969,0.009715280799731872,0.09856612399669509,0.19979483379067223,0.07763334663951052,-0.009689710852812481,-0.0120430103716519,0,0.47396270801320317,0,0,0,0,34.15366485853683,7.202426547903084
10.0,2560.0,2815.0,2688.0,26.88,0.0,0.00390625,1.3936100358224053,0.00901614232157887,0.0015930035425515403,0.008861014827529963,0,0.7761253271452814,0.7761253271454251,0.009921416868878895,0.09960630938288445,0.2019033032923456,0.07827976536452277,0.003505324997561522,-0.0017486809419647999,0,0.413729086539877,0,0,0,0,32.294131062538334,6.274606804717861
11.0,2816.0,3071.0,2944.0,29.44,0.0,0.00390625,2.1238883286992585,0.013279427430635846,0.0032382095087553353,0.010701113191485336,0,0.787920832986319,0.7879208329864539,0.010896060374240395,0.10438419599843836,0.2115881424999549,0.08231466634540704,-0.0067481964523477475,0.0037830426674295,0,0.45726987766534666,0,0,0,0,35.53724862284276,7.355396045755983
12.0,3072.0,3327.0,3200.0,32.0,0.0,0.00390625,1.9696076679027454,0.012864033434719414,0.0026367981253838588,0.008167878069215604,0,0.8368320055169172,0.8368320055170619,0.008440343066378784,0.09187133974411597,0.18622441778188908,0.0737436547551885,-0.0017854368122040172,0.0043082295018343,0,0.4196634524480683,0,0,0,0,34.67123426503042,7.18413353875322
13.0,3328.0,3583.0,3456.0,34.56,0.0,0.00390625,1.779502653286289,0.011712100544963487,0.0029744622321773197,0.011279478485145841,0,0.79656473812876,0.7965647381288997,0.010017508664357841,0.10008750503613247,0.2028786932302182,0.07988785796400003,-0.002053057510542869,0.00641977867679215,0,0.46617830345883293,0,0,0,0,33.75113867380462,7.010632237253112
14.0,3584.0,3839.0,3712.0,37.12,0.0,0.00390625,1.7525906425877085,0.01098234479019546,0.0026878634481818384,0.009373384609312835,0,0.8079339379519344,0.8079339379520837,0.008647593999861158,0.09299244055223606,0.1884969039113878,0.07356005330614132,-0.002048154746007308,0.0175557403989788,0,0.45629060129720633,0,0,0,0,32.60066492288394,6.33170694321018
15.0,3840.0,4095.0,3968.0,39.68,0.0,0.00390625,1.7842008678082817,0.01128102144913089,0.0026295863286715138,0.007919259877188835,0,0.8290258866790239,0.8290258866791648,0.009237221410793067,0.09611046462687123,0.19481717984886848,0.07603430257744839,0.005385367678433287,-0.0065445310649756006,0,0.508780305076492,0,0,0,0,35.457787356518644,7.518085157135517
16.0,4096.0,4351.0,4224.0,42.24,0.0,0.00390625,2.236435897380388,0.013148956500579982,0.0026628132988481706,0.008595851944356624,0,0.7881375218861991,0.7881375218863371,0.010442786676516151,0.10218995389232814,0.20714038480075303,0.08009297392296802,-0.002417539149650018,0.018536584671233952,0,0.5381623860541179,0,0,0,0,34.81709793876429,7.045876978104276
17.0,4352.0,4607.0,4480.0,44.8,0.0,0.00390625,1.6677735338032562,0.010704270607763912,0.002956629556813007,0.012367829435476983,0,0.7929820256272562,0.7929820256273918,0.010684522833159038,0.10336596554552682,0.2095241759377019,0.08297740156488313,-0.009204546178437422,-0.007321461413278951,0,0.4491044032111106,0,0,0,0,35.132380509870906,7.369011460413759
18.0,4608.0,4863.0,4736.0,47.36,0.0,0.00390625,1.6631062668602843,0.011018448597054203,0.003863162346123651,0.009213299742220871,-1,0.804904474832049,0.8102991044018323,0.009270918855500014,0.0962856108434693,0.19517220354073497,0.07601439645069785,-0.00015774846964657432,0.00513613769429485,0,0.36915120014129643,0,0,0,0,34.533154052187065,6.892095098653631
19.0,4864.0,5119.0,4992.0,49.92,0.0,0.00390625,1.8689345385191343,0.011980722206697464,0.0035728292890931405,0.009078042338285634,0,0.8123032424571535,0.8123032424572908,0.010102212259760292,0.10050976201225577,0.20373461369194132,0.08339742137055267,0.010562987966302916,0.008983462511159,0,0.4513301364010937,0,0,0,0,35.883886590106016,7.583489458939619
20.0,5120.0,5375.0,5248.0,52.48,0.0,0.00390625,1.5669920914639106,0.010278329365507384,0.002396381982894213,0.008752696658187271,0,0.8125250277156926,0.8125250277158408,0.008645314106095058,0.09298018125436763,0.1884720541528633,0.07571589530293094,-0.006825485387683541,-0.018919593954531,0,0.4267515511917507,0,0,0,0,33.74388708549836,6.491482525384026
21.0,5376.0,5631.0,5504.0,55.04,0.0,0.00390625,1.7925858962115009,0.011055544798850205,0.0017435053703698732,0.008300859265698972,0,0.8109639756140996,0.8109639756142505,0.008429271454563347,0.09181106390061793,0.18610223785185867,0.07298683840217617,0.00307028461265918,0.0036947002544062,0,0.46236797643568,0,0,0,0,32.24001811594505,6.255765491011079
22.0,5632.0,5887.0,5760.0,57.6,0.0,0.00390625,2.2447479588493096,0.014290504091535115,0.0032965233068136804,0.008961823751762318,0,0.8258460031818351,0.8258460031819761,0.009199682097144054,0.09591497326874493,0.19442091628669708,0.07586291812823848,-0.011698876084272607,0.0049643150971488,0,0.4666583618788645,0,0,0,0,34.570158932121345,7.382295678536861
23.0,5888.0,6143.0,6016.0,60.16,0.0,0.00390625,1.9401622262336078,0.012100834175942385,0.002913154429551088,0.009113927776374882,0,0.8160833883753101,0.8160833883754527,0.009191140806792987,0.09587043760614107,0.19433064191101002,0.07530844505133316,0.008599530927183165,0.027923093461502603,0,0.40144105109879963,0,0,0,0,35.275147207026066,7.044246114166438
24.0,6144.0,6399.0,6272.0,62.72,0.0,0.00390625,1.5574348326284062,0.010331097126806188,0.002471279461335497,0.008844318948427382,0,0.811617910985162,0.8116179109853049,0.009317156423240205,0.0965254185343954,0.19565829689418682,0.07645352142621724,-0.009900780225624616,-0.01056926806499945,0,0.48700717895539875,0,0,0,0,33.59430617594811,6.988713689867233
25.0,6400.0,6655.0,6528.0,65.28,0.0,0.00390625,1.9972556558775194,0.012429578958019551,0.0014769676614865318,0.008399964525721903,0,0.7951321947169007,0.7951321947170419,0.009801199328523962,0.09900100670459852,0.20067634677729343,0.07856943309172339,0.008974548619904389,0.020204778772216152,0,0.42451848534827624,0,0,0,0,34.25739077107806,6.80432598256927
26.0,6656.0,6911.0,6784.0,67.84,0.0,0.00390625,2.048392500679684,0.012601746076309804,0.004010196054818618,0.009245614609523225,0,0.8170372887066457,0.8170372887067844,0.009783527451467981,0.09891171544093239,0.2004953522077623,0.07670856136553456,-0.0016637321098485897,0.01267072365183775,0,0.4239245670343676,0,0,0,0,35.60088248489937,7.512791063020399
27.0,6912.0,7167.0,7040.0,70.4,0.0,0.00390625,1.4832918199648695,0.009818551546863065,0.002827753053564013,0.008494913635272723,0,0.7944599974739045,0.7944599974740436,0.01012990355506107,0.10064742199908087,0.2040136523014769,0.08139261984585061,0.017192669058408463,0.00795786645711985,0,0.45283696268651424,0,0,0,0,34.41808400774661,7.024051963186234
28.0,7168.0,7423.0,7296.0,72.96000000000001,0.0,0.00390625,1.4463320103309905,0.009678455723585888,0.003778014214778113,0.00934502200230188,0,0.7875282276276264,0.7875282276277644,0.010385449228221544,0.10190902427273821,0.20657093675535024,0.08249949960353378,0.010624353903749053,-0.0034520518101816503,0,0.43923671537541203,0,0,0,0,35.18926227314709,6.985555429904579
29.0,7424.0,7679.0,7552.0,75.52,0.0,0.00390625,1.6963028411417518,0.010786964378806222,0.0021340609216170675,0.009279875581027537,0,0.812091487270419,0.8120914872705683,0.00853674667545835,0.09239451647937962,0.18728490392689212,0.07297574803810368,-0.011336731419426045,-0.009333982018543501,0,0.40862376919781424,0,0,0,0,32.976155883916235,6.386455523561311
30.0,7680.0,7935.0,7808.0,78.08,0.0,0.00390625,1.6934137954448611,0.010855498353629617,0.0018067783892463847,0.006605399201688074,0,0.8312736964606073,0.8312736964607591,0.007731487308250151,0.08792887641867232,0.17823299260563638,0.07117435207391865,0.0021923399655598384,-0.00041537504988560005,0,0.42273289769769706,0,0,0,0,32.88758038667147,6.396379953585368
31.0,7936.0,8191.0,8064.0,80.64,0.0,0.00390625,1.525637327645157,0.010123957093880634,0.0026872911930300105,0.009732771548060746,0,0.7971175177281309,0.7971175177282733,0.009607148154583252,0.09801606069712887,0.19867984822509527,0.07847983906198086,-0.0027792109184425345,0.00269716300503415,0,0.41192878024351043,0,0,0,0,33.17513215687165,6.723702972139992
32.0,8192.0,8447.0,8320.0,83.2,0.0,0.00390625,1.7955445985393426,0.011914001700783213,0.004125082956589815,0.009853118174249397,0,0.8124790013903898,0.8124790013905239,0.010532302479119258,0.10262700657779734,0.20802629636053002,0.08125636286233204,-0.013861912160122204,-0.0064015270336026005,0,0.5049442811149508,0,0,0,0,36.68175784663531,7.886612808208776
33.0,8448.0,8703.0,8576.0,85.76,0.0,0.00390625,2.1820824167095108,0.0128817209231274,0.0020163095088379496,0.01122604417032207,0,0.7964439261590924,0.796443926159227,0.01080160609881399,0.10393077551338675,0.2106690531944729,0.08320729371701333,-0.00043137916874073923,-0.00647098159651685,0,0.48667296722876807,0,0,0,0,35.5288810458045,7.558801536067779
34.0,8704.0,8959.0,8832.0,88.32000000000001,0.0,0.00390625,1.768887978371351,0.01184102543007037,0.0018192117589303578,0.010571071504597171,0,0.7773090457868596,0.7773090457869947,0.011053610402813127,0.10513615174055557,0.21311236671028588,0.08208768583949846,-0.0001950755854207495,-0.0106756553969465,0,0.41389711507466165,0,0,0,0,34.87681354252705,7.133381457437446
35.0,8960.0,9215.0,9088.0,90.88,0.0,0.00390625,1.8429398175192688,0.012006229248428266,0.0024983813931341247,0.007511906899575041,0,0.8329037878930078,0.8329037878931496,0.008953659215109926,0.09462377721857189,0.19180364485737575,0.07492939543063114,-0.007306932207963666,-0.00752214529106695,0,0.4029526760797133,0,0,0,0,35.85899433969493,7.440201360238721
36.0,9216.0,9471.0,9344.0,93.44,0.0,0.00390625,2.2324527197617323,0.014080102250694348,0.0029408804014234955,0.009117622576156685,0,0.8390153726058113,0.8390153726059525,0.008895726892855216,0.09431716117894567,0.19118213009966115,0.07721407285553386,0.005824987654854185,0.01661139695389675,0,0.3867714467019557,0,0,0,0,36.40490906893302,7.607759979812255
37.0,9472.0,9727.0,9600.0,96.0,0.0,0.00390625,1.7903411183053466,0.010974555794332916,0.0032401911063935484,0.010073814573659311,0,0.7967057052150177,0.7967057052151575,0.009954717189698021,0.09977332904989199,0.20224185436097303,0.07933789917231812,-0.006948863292906601,-0.01158368383924755,0,0.4905093049273856,0,0,0,0,34.5333226594024,6.96933727282045
38.0,9728.0,9983.0,9856.0,98.56,0.0,0.00390625,2.119914767362138,0.013295909130843222,0.0016438821280897638,0.008222746396229764,0,0.80914902956625,0.8091490295663919,0.009475134520651969,0.09734030265338181,0.1973100777546882,0.07883292534661049,-0.004860299888308495,-0.00677717308225085,0,0.3856829952319068,0,0,0,0,34.51169332561674,7.024786014664301
39.0,9984.0,10239.0,10112.0,101.12,0.0,0.0078125,1.7322271687725521,0.011327441816571448,0.005259532829917595,0.009668399431853124,0,0.8024962627068568,0.8024962627069971,0.00976659249794826,0.09882607195446078,0.20032175173073202,0.07559502911430507,0.004245343426422812,0.0054935261252100995,0,0.5100519147756083,0,0,0,0,34.00688023167913,7.020691931162327
40.0,10240.0,10495.0,10368.0,103.68,0.0,0.00390625,2.1071115246020997,0.013391970315446077,0.0038334560974434924,0.00792149013994638,0,0.8289480993539095,0.8289480993540491,0.009301548403166889,0.09644453537223811,0.19549434565734788,0.07744246109744007,-0.0009493986307501645,-0.0008801942103117999,0,0.42857940231972813,0,0,0,0,36.583719858573645,7.562618378404123
41.0,10496.0,10751.0,10624.0,106.24,0.0,0.00390625,1.8670094379554305,0.011640899820007064,0.0025478202554651023,0.008268171509825555,0,0.8318232238113772,0.8318232238115205,0.008745405580005777,0.09351687323689654,0.1895599358823888,0.07511054775210696,-0.005637449099599092,-0.0001231339982945,0,0.4535747881481443,0,0,0,0,34.74208155505392,7.244939479299973
42.0,10752.0,11007.0,10880.0,108.8,0.0,0.00390625,2.139086870427289,0.012811398027904214,0.0013988386377574576,0.009345571968703573,0,0.8174940115473953,0.8174940115475344,0.009657273789496483,0.0982714291617685,0.19919748347216823,0.07694992511272582,-0.006866568727115042,-0.00026385492896780004,0,0.43092286337559504,0,0,0,0,35.43263830297177,7.437020655165115
43.0,11008.0,11263.0,11136.0,111.36,0.0,0.00390625,2.206155187674889,0.013539339177148661,0.003122962978249318,0.011240325657299372,0,0.786531342298882,0.7865313422990118,0.011745527443466477,0.10837678461490947,0.21968117230245704,0.08574042969107638,-0.005019184524522095,-1.267521915499989e-05,0,0.4610748823151367,0,0,0,0,36.27898897038419,7.877434006849048
44.0,11264.0,11519.0,11392.0,113.92,0.0,0.00390625,1.5910933759366555,0.010598086372306668,0.003336647224187642,0.010765030975961433,0,0.7839719265689956,0.7839719265691313,0.010898007441276572,0.10439352202735844,0.21160704648362047,0.08210665494468632,-0.009039008964244605,-0.009796466728315651,0,0.4513625421864076,0,0,0,0,34.26092050823857,7.2332964638925725
45.0,11520.0,11775.0,11648.0,116.48,0.0,0.00390625,1.7741293012651254,0.011292126886208634,0.004371002944035356,0.008687314380670795,0,0.8068877268428288,0.8068877268429661,0.010190516291466944,0.10094808711147996,0.2046231044511875,0.0783492114126626,-0.0009101718824795907,-0.007762220900145901,0,0.5365255386258132,0,0,0,0,35.3753783435882,7.46950775147893
46.0,11776.0,12031.0,11904.0,119.04,0.0,0.00390625,1.7834277641926752,0.011600683719935365,0.003426583535845555,0.009273360947555546,0,0.8133857322241925,0.8133857322243337,0.009443275887945204,0.09717651922118431,0.19697808657671856,0.07841183815426517,-0.00145017357366398,0.0032562127442305,0,0.4788154667967362,0,0,0,0,34.64702460456065,7.14283571951603
47.0,12032.0,12287.0,12160.0,121.6,0.0,0.00390625,1.9432592793208203,0.012345267989028045,0.0026682764694413645,0.009896036800422517,0,0.7838055962570001,0.78380559625714,0.010198128050277314,0.10098578142628453,0.20469951132462288,0.08241641581201706,0.003971129849543932,0.01595472470974795,0,0.46241425561057997,0,0,0,0,33.714052165872275,6.730721023328067
48.0,12288.0,12543.0,12416.0,124.16,0.0,0.00390625,1.7844573994054953,0.011396259220963144,0.003476194041085419,0.011384986512461937,0,0.803376088882117,0.8033760888822541,0.010243219224982829,0.10120879025550512,0.20515155316375897,0.08133201767779988,-0.0014841879237730508,-0.013719889278900551,0,0.46493024647488895,0,0,0,0,35.13473574824511,7.39300293106465
49.0,12544.0,12799.0,12672.0,126.72,0.0,0.00390625,2.2000385924302464,0.013783105038454247,0.0029857027128114746,0.008264449299146662,0,0.8219340268217756,0.821934026821918,0.009080729321981878,0.09529286081329429,0.1931598861315493,0.0759004321944449,-2.5455641555476027e-05,0.021029687556115298,0,0.4281234064845813,0,0,0,0,35.70609957293091,7.15974489107635
50.0,12800.0,13055.0,12928.0,129.28,0.0,0.00390625,1.9177445741914494,0.012518522221244052,0.003228106184178083,0.0096718682121198,0,0.7994886775399763,0.799488677540115,0.010070221129453999,0.10035049142607125,0.20341177011238099,0.07985592502709626,0.001349465561670385,0.010600580246359601,0,0.42460191069081854,0,0,0,0,34.05509262931788,7.143793245095518
51.0,13056.0,13311.0,13184.0,131.84,0.0,0.00390625,1.9843233667155054,0.013102941293746888,0.003153793655578227,0.010997347713729507,0,0.7959391915031633,0.7959391915032973,0.01089519997778969,0.10438007462054091,0.21157978841258063,0.08555959043209178,0.008948674365053127,0.0201362204179694,0,0.48282920733673185,0,0,0,0,36.08783048744051,7.606509571838692
52.0,13312.0,13567.0,13440.0,134.4,0.0,0.00390625,1.7936827121646752,0.011122521328413543,0.0027467918632106693,0.011566290028633953,0,0.7942580547148832,0.7942580547150233,0.010054127826401802,0.10027027389212519,0.2032491681127083,0.08128604227239197,0.004651973250203481,0.0159801997134269,0,0.4719507438341991,0,0,0,0,32.685581996715854,6.962461950237747
53.0,13568.0,13823.0,13696.0,136.96,0.0,0.00390625,1.8787029375096915,0.012489585022137007,0.003252946285836767,0.007643565916208758,0,0.8394901016748031,0.8394901016749462,0.008654010913398472,0.09302693649367624,0.18856682763981528,0.07479375473671732,0.003507473963088134,0.0060072859326139,0,0.42856403399805193,0,0,0,0,36.33435405275148,7.442455745358345
54.0,13824.0,14079.0,13952.0,139.52,0.0,0.00390625,1.8475326369011815,0.01143078691772434,0.0030421656960855905,0.010414613569917072,0,0.774216933519078,0.7742169335192127,0.011286508332446361,0.10623797970804208,0.21534578653754075,0.08813623175907562,0.010172166619141046,0.0199028703380008,0,0.43417860445070455,0,0,0,0,34.43376473563907,7.197170673020407
55.0,14080.0,14335.0,14208.0,142.08,0.0,0.00390625,1.8610902895239827,0.011767141757006633,0.00340200352469839,0.007745899223506635,0,0.8145880678160267,0.8145880678161721,0.008916556613965477,0.09442752042686219,0.1914058297512319,0.07363633408762932,0.0055271757464851485,0.009801695124068,0,0.46210015117820924,0,0,0,0,34.82946237516954,6.780945534520585
56.0,14336.0,14591.0,14464.0,144.64,0.0,0.00390625,1.728091475201362,0.0109400086582404,0.0016591547488524162,0.00916726087733591,0,0.7936365436916883,0.7936365436918336,0.00943289954106846,0.09712311537975118,0.1968698362855407,0.07867027069626402,-0.01343837409234255,-0.0070761916738512,0,0.36982693894335816,0,0,0,0,33.47086769114931,6.473497358421376
57.0,14592.0,14847.0,14720.0,147.20000000000002,0.0,0.00390625,2.007391994270571,0.012398442066904419,0.0029871863775864393,0.010042227615206298,0,0.7912106333815014,0.7912106333816399,0.010369470269475541,0.10183059593990178,0.20641196148993288,0.07993626494570696,-0.008608053411015396,-0.00066842054225795,0,0.4793303960675645,0,0,0,0,33.94019861621539,7.091656388521153
58.0,14848.0,15103.0,14976.0,149.76,0.0,0.00390625,2.354281392315833,0.014742536225635833,0.0020751458994450814,0.010469164427245005,0,0.8139067344631853,0.8139067344633164,0.011084322840856791,0.10528211073518991,0.21340822751814517,0.08239914329174862,-0.01318607497563377,-8.389305997669985e-05,0,0.3997209505999641,0,0,0,0,39.13298699348028,8.30059837342092
59.0,15104.0,15359.0,15232.0,152.32,0.0,0.00390625,2.0825631158892026,0.013112789099100575,0.0028705920696748205,0.010241526942914239,0,0.8193193071720387,0.8193193071721755,0.009972107755220562,0.09986044139307898,0.20241843222994496,0.07806992181166975,-0.0032462794191733604,0.00054002676158505,0,0.5488883132484391,0,0,0,0,35.52305920301674,7.721851047663387
60.0,15360.0,15615.0,15488.0,154.88,0.0,0.00390625,1.7250541571888018,0.01088496881315352,0.002696959112538926,0.008684505170256344,0,0.8026639664820872,0.802663966482229,0.009673481952157854,0.09835386089095767,0.1993645736748121,0.07838086065894972,0.0075098814509220735,0.01393013593729355,0,0.5163212358441127,0,0,0,0,33.53510488466561,6.957225105920747
61.0,15616.0,15871.0,15744.0,157.44,0.0,0.00390625,2.2014256889900135,0.01373907330226343,0.003421658774471992,0.009514112607023856,0,0.8126869141659955,0.8126869141661313,0.010296815423972995,0.10147322515803366,0.20568756620005238,0.07913635231504036,-0.007994850777319564,-0.00107251211155765,0,0.5289041791455629,0,0,0,0,35.810704616899955,7.731730254157149
62.0,15872.0,16127.0,16000.0,160.0,0.0,0.00390625,1.339964888924201,0.008663988046773118,0.0018711268435937147,0.007924726880382031,0,0.7769203262044327,0.7769203262045804,0.00954357000406977,0.09769119716775801,0.19802134556491682,0.07806883050421468,-0.009626116348025258,-0.007492239209445899,0,0.4056474712269381,0,0,0,0,31.76144739012112,6.002453841361527
63.0,16128.0,16383.0,16256.0,162.56,0.0,0.00390625,1.7876309984537335,0.011607804827081382,0.0020677436483526575,0.009908691641725352,0,0.8179755461158368,0.8179755461159806,0.009002546305989583,0.09488174906687578,0.19232655719748437,0.07555234512467934,-0.008845469410830312,-0.0047454782858385,0,0.5196934696506296,0,0,0,0,34.024627237821726,6.964441326214256
64.0,16384.0,16639.0,16512.0,165.12,0.0,0.00390625,2.1312136322087047,0.013247456469868097,0.0028750267315312866,0.008108396660763632,0,0.8337123753596641,0.8337123753598077,0.008667249785869044,0.09309806542495415,0.18871100692196757,0.07448257438943606,0.0068300147946012725,0.01170029006041905,0,0.44248526179714626,0,0,0,0,35.33656761838755,7.250713826832742
65.0,16640.0,16895.0,16768.0,167.68,0.0,0.00390625,2.035131760074777,0.012670097236986267,0.0022592869641415983,0.009892627981447494,0,0.8082853766510699,0.8082853766512066,0.010225417545772837,0.10112080669067487,0.2049732093170215,0.07826211799102502,-0.0019619531984312044,-0.007096715880059249,0,0.49806906468554435,0,0,0,0,34.97369433208087,7.539336356101616
66.0,16896.0,17151.0,17024.0,170.24,0.0,0.00390625,2.176489892675593,0.014144748082132248,0.0037449670969427903,0.008974660565188168,0,0.8169891922692215,0.8169891922693617,0.009427616329463408,0.09709591304201948,0.19681469678805974,0.0764826966901104,-0.0038620266187219046,0.0134939299354732,0,0.42508313584186896,0,0,0,0,35.083243619284644,7.252089775870469
67.0,17152.0,17407.0,17280.0,172.8,0.0,0.00390625,1.899782026529,0.012099334669401876,0.0025236012028688267,0.008334260510438302,0,0.8139210046748051,0.8139210046749494,0.009034545883155179,0.09505022821200998,0.19266806664753042,0.07524950475736879,0.00019456777292984478,0.00153871763901735,0,0.40588883514457647,0,0,0,0,33.73548719479501,6.850238524758691
68.0,17408.0,17663.0,17536.0,175.36,0.0,0.00390625,1.5347371982453437,0.009363259593123986,0.0012741081888979374,0.009325338867579032,0,0.7847582329732138,0.7847582329733549,0.010115764868034647,0.10057715877889296,0.2038712278271259,0.0808329497415034,0.0020495434925440134,-0.0025673824177532,0,0.4592876106343587,0,0,0,0,33.63055647053426,6.700678275416614
69.0,17664.0,17919.0,17792.0,177.92000000000002,0.0,0.00390625,2.0241996530093713,0.012635804968910208,0.0018302558218223138,0.010108057269949563,0,0.8175727341027882,0.8175727341029255,0.009978990608730861,0.09989489781130396,0.2024882758442938,0.07778831605579212,0.0035210200770516356,0.011111615947644149,0,0.4501861247508703,0,0,0,0,35.38650642508041,7.669278268280053
70.0,17920.0,18175.0,18048.0,180.48,0.0,0.00390625,1.7552541269418622,0.01159413156132038,0.002717644883282257,0.012222896207529619,0,0.7838231663389492,0.7838231663390818,0.011360301938980515,0.10658471719238417,0.21604862799304372,0.08652141052120683,-0.0026788028899289336,-0.011380497325247,0,0.5057733137920244,0,0,0,0,35.30562321001193,7.541661604537729
71.0,18176.0,18431.0,18304.0,183.04,0.0,0.00390625,1.9425171217718908,0.012199137303256771,0.0023767237138675895,0.009061724450216182,0,0.792206125971287,0.7922061259714299,0.009642796828700805,0.09819774350106424,0.19904812166573607,0.0796667967418033,0.004553248614346021,0.019568666087342,0,0.41858004719456937,0,0,0,0,33.45383692834583,6.588204381790968
72.0,18432.0,18687.0,18560.0,185.6,0.0,0.00390625,1.8778049900555636,0.012427216024642068,0.002849234625574954,0.008386385608117186,0,0.8202458428877886,0.82024584288793,0.009289319347261056,0.09638111509658444,0.19536579192185138,0.07846267770690725,-0.0027067281406056923,0.014835666119019049,0,0.46200611917981643,0,0,0,0,35.5890411163357,7.259117047932293
73.0,18688.0,18943.0,18816.0,188.16,0.0,0.00390625,1.664487629609944,0.010317151309425622,0.001472423093018475,0.00967692560628172,0,0.7831642337438374,0.7831642337439777,0.010273191547433603,0.1013567538323599,0.2054514772862269,0.0818108784472181,0.0013072956558401218,-0.00396258297932825,0,0.44043774159284294,0,0,0,0,33.86138930620203,6.765126721145815
74.0,18944.0,19199.0,19072.0,190.72,0.0,0.00390625,1.701419846594621,0.011091071005078255,0.0022192171928810452,0.007736858126195296,0,0.8153204552007834,0.8153204552009228,0.009605026206762353,0.09800523560893241,0.19865790562849836,0.07516913734231108,-0.0104426290939683,-0.01365003202453945,0,0.425059202516875,0,0,0,0,35.110253710654646,7.326720036706287
75.0,19200.0,19455.0,19328.0,193.28,0.0,0.00390625,2.256042277410385,0.014352646551839616,0.002602689048506007,0.008317342475498053,0,0.8399122208602819,0.8399122208604202,0.009295655612692614,0.09641398037988377,0.195432410284713,0.07658079975066606,0.0014388706382743519,0.0178505673573897,0,0.47048416267498444,0,0,0,0,36.663518353903235,7.9305053434885515
76.0,19456.0,19711.0,19584.0,195.84,0.0,0.00390625,1.6225278741900993,0.010417347440393014,0.0019869018289139584,0.009955795664208098,0,0.778204100293938,0.7782041002940738,0.010892707066830546,0.10436813242954263,0.21155558143386574,0.08382322966472876,-0.003225221458463781,0.0019822294747097002,0,0.4754729532533771,0,0,0,0,34.859733051453816,7.049900298700386
77.0,19712.0,19967.0,19840.0,198.4,0.0,0.00390625,1.4475610796607516,0.009758701793764937,0.002529177100932999,0.009831464653780262,0,0.7780464916315815,0.7780464916317188,0.010683158576776423,0.10335936617828315,0.20951079893322905,0.0824153104097379,0.005801724119922235,0.0049370356704939,0,0.46501842545184924,0,0,0,0,34.144705102049954,6.897887243558951
78.0,19968.0,20223.0,20096.0,200.96,0.0,0.00390625,1.8352115649954042,0.011513981540757286,0.002801500304538141,0.007748575086157036,0,0.8142762611743264,0.8142762611744766,0.008390838470586297,0.09160152002333966,0.18567748964796188,0.07508108390763427,0.0026438650256822554,-0.00218323039335285,0,0.38424499173310367,0,0,0,0,33.16089744735095,6.341913162954727
79.0,20224.0,20479.0,20352.0,203.52,0.0,0.00390625,1.9744304565313469,0.012925968900812816,0.003753847884548459,0.009308248960921193,0,0.8247505627071737,0.8247505627073144,0.009283940205503036,0.09635320547601432,0.1953092187527253,0.07721200010481061,0.00273678824116709,0.021388038412336302,0,0.49385024340417716,0,0,0,0,35.66694125224997,7.40753663550494
80.0,20480.0,20735.0,20608.0,206.08,0.0,0.00390625,2.2074248055265633,0.013767211169452431,0.0016051858453830054,0.010811243417478624,0,0.7950653224050869,0.7950653224052171,0.011577182627653775,0.10759731700955082,0.21810118118235305,0.08361611475343651,0.003874024312990273,0.023599175312627348,0,0.5032395401432671,0,0,0,0,35.9757433521681,8.030902422285312
81.0,20736.0,20991.0,20864.0,208.64,0.0,0.00390625,1.6505096885281854,0.010710865177857073,0.0015212816244905634,0.009501687753810405,0,0.7879459193558693,0.7879459193560119,0.00981413588175528,0.09906632062288011,0.2008087389513808,0.07749217474194153,-0.006449114016991671,0.00379957462095515,0,0.44898124248443555,0,0,0,0,33.14205777547516,6.57846818702288
82.0,20992.0,21247.0,21120.0,211.2,0.0,0.00390625,1.907362456948831,0.012423576346598238,0.002576732389458481,0.008586408216046965,0,0.8285150313544224,0.8285150313545666,0.008657372381310102,0.0930450019147192,0.18860344648661864,0.07341627913196086,-0.008474247242969704,-0.00034208428130550004,0,0.4459347256415197,0,0,0,0,33.52827127347376,7.061452611051725
83.0,21248.0,21503.0,21376.0,213.76,0.0,0.00390625,1.4852645318853157,0.009165440494983055,0.0023062771656616066,0.009947549805370652,0,0.7833192255770697,0.7833192255772132,0.009874732008898223,0.0993716861530397,0.20142771890990774,0.07801731946051378,0.0014777094754856012,-0.0042018054555438,0,0.461830008527312,0,0,0,0,33.549606285449784,6.473242183944887
84.0,21504.0,21759.0,21632.0,216.32,0.0,0.00390625,1.5754172648645848,0.010205917055616458,0.0032169896763446872,0.009491773058752177,0,0.7948863837817727,0.7948863837819115,0.010145381538493353,0.10072428475046796,0.20416945411264065,0.08012744598617294,0.009511422785205314,0.0135800780329634,0,0.5155681158579297,0,0,0,0,34.16525903789915,7.0490159931071945
85.0,21760.0,22015.0,21888.0,218.88,0.0,0.00390625,1.7484062958630284,0.011735356137092243,0.003394798783814016,0.007045702308949709,0,0.812566880896076,0.8125668808962188,0.009200624680847851,0.09591988678500331,0.19443087604898016,0.07667751022639163,0.005346651340803279,0.01064697779193285,0,0.39934186158839563,0,0,0,0,34.54928309225747,6.932114628339235
86.0,22016.0,22271.0,22144.0,221.44,0.0,0.00390625,1.70400346395357,0.011223116143224684,0.002932967642647338,0.009522377774700856,0,0.7917900729486489,0.7917900729487877,0.010235104790863502,0.10116869471760274,0.20507027897942337,0.08356012350392814,-0.011648702227162265,-0.01948008118400095,0,0.44632074202477345,0,0,0,0,33.70161345328874,7.013981564312643
87.0,22272.0,22527.0,22400.0,224.0,0.0,0.00390625,1.9746989377498232,0.01265011131404451,0.002435540158289113,0.01101582629751554,0,0.7949834892035323,0.7949834892036667,0.010862659406386201,0.10422408266032472,0.21126359065111525,0.08279102893035639,-0.006366995595261823,0.0067671618375234,0,0.5333974553142539,0,0,0,0,36.31543776224416,7.554327222834355
88.0,22528.0,22783.0,22656.0,226.56,0.0,0.00390625,1.5285728465154294,0.010051508469261207,0.0020417517884768924,0.009788481548440277,0,0.7677415469078073,0.7677415469079436,0.01106455280339854,0.10518817805912668,0.21321782474444784,0.08409731872010984,0.004632193461520467,0.00199040908930535,0,0.44142497965977057,0,0,0,0,33.96237703732447,6.846146592004269
89.0,22784.0,23039.0,22912.0,229.12,0.0,0.00390625,2.2822316013345816,0.014072219606457353,0.0020992407248001063,0.009532102365481219,0,0.8189042054327353,0.8189042054328713,0.010219212449176222,0.10109012043308793,0.2049110078680283,0.07910348103896189,0.003773644496822267,0.01326158880162065,0,0.48566473409178507,0,0,0,0,36.36330862599406,7.8802994293269
90.0,23040.0,23295.0,23168.0,231.68,0.0,0.00390625,2.3307966921998817,0.014495875604122875,0.002245812956042039,0.01180671371698307,0,0.8094529220914853,0.8094529220916198,0.010629440527868024,0.10309917811441575,0.20898339429493318,0.08159885337985925,0.005403048506904578,0.01472778130936875,0,0.4319576520572505,0,0,0,0,35.89475829539137,7.855449213629009
91.0,23296.0,23551.0,23424.0,234.24,0.0,0.00390625,1.7576327486574117,0.01067835327552238,0.0021653473785050994,0.008961455216893838,0,0.7926187624575591,0.792618762457698,0.010195972402848443,0.10097510783776585,0.20467787581987168,0.07995152487154754,0.00911388145863147,0.01385872929030035,0,0.43580178240114154,0,0,0,0,34.436708650077684,7.012419338305345
92.0,23552.0,23807.0,23680.0,236.8,0.0,0.00390625,1.8453995485411465,0.01201781177499834,0.0028024824370530173,0.008908000121466775,0,0.814162207154076,0.8141622071542131,0.009966387941282542,0.0998317982472646,0.20236037219547087,0.08109976214915887,0.01306697126831943,0.014918139007348851,0,0.4192649631454794,0,0,0,0,35.95995718991919,7.548399914074784
93.0,23808.0,24063.0,23936.0,239.36,0.0,0.0078125,1.277740363546999,0.008873816250363271,0.0031221727008050775,0.009428138820327878,0,0.7816357272559914,0.7816357272561285,0.010693148002939558,0.10340767864592822,0.20960872894256458,0.08305986900495275,0.0020388697055192632,-0.0091394345109911,0,0.47015417273624827,0,0,0,0,34.09252246425498,7.017540674477498
94.0,24064.0,24319.0,24192.0,241.92,0.0,0.00390625,1.7251543866548713,0.010938499634634887,0.002989418795129488,0.009614193022526972,0,0.7901123273692657,0.7901123273693985,0.011171986884710142,0.10569762005225161,0.21425047038592399,0.08264826224555027,-0.0004179011442784382,-0.0210949213175569,0,0.5611746654088312,0,0,0,0,35.920217186487065,7.610588552868056
95.0,24320.0,24575.0,24448.0,244.48,0.0,0.00390625,1.6975570301089813,0.010996608045341796,0.002591214493500507,0.010195275183531988,0,0.7983785242987907,0.7983785242989271,0.010449071339789819,0.10222069917482378,0.20720270589401493,0.08196910635527065,-0.0009872571068875423,0.00300210969038365,0,0.4692457663304079,0,0,0,0,35.32795605135841,7.376916975410521
96.0,24576.0,24831.0,24704.0,247.04,0.0,0.00390625,1.7551862716257498,0.011013340870700675,0.0021305630274159695,0.010063955554871407,0,0.77839747456099,0.7783974745611243,0.011165641626870722,0.10566759970241929,0.21418961874073514,0.08209510486475918,-0.002398607370025351,0.00416163631510605,0,0.519962795062204,0,0,0,0,35.17365590551963,7.243571337170558
97.0,24832.0,25087.0,24960.0,249.6,0.0,0.00390625,2.185557521986352,0.013555643700861299,0.002116110970765636,0.008650552925339956,-1,0.8259790501483112,0.8321264137714585,0.008391658613645936,0.09160599660309326,0.18568656373418496,0.07231060224127105,-0.0018409827460722644,-0.0007774229770060999,0,0.5069815388277464,0,0,0,0,33.44571376939095,6.966298266797057
98.0,25088.0,25343.0,25216.0,252.16,0.0,0.00390625,1.5579090515841074,0.01009367567914197,0.0024559230957455925,0.009320594180279862,0,0.7838594319881003,0.7838594319882457,0.009592353151665053,0.09794055927788575,0.19852680585214832,0.0794593036653751,0.005333209299094938,0.0114527970589633,0,0.3797340948313858,0,0,0,0,32.94902411107826,6.272453304579972
99.0,25344.0,25599.0,25472.0,254.72,0.0,0.00390625,1.9491881075974669,0.012389784903829585,0.003275558076215837,0.007791172555018407,0,0.8158016102789686,0.8158016102791101,0.009370125253637535,0.09679940730003224,0.1962136757370513,0.07870699834046785,0.0025332188250645066,0.00214637433509245,0,0.4506779601511152,0,0,0,0,34.79368472118905,7.1694514045281235
100.0,25600.0,25855.0,25728.0,257.28000000000003,0.0,0.00390625,2.0325631426990074,0.013218910324129756,0.0038709653396618686,0.00981970880940345,0,0.8038933094393654,0.8038933094395064,0.009719117853309879,0.0985855864379265,0.1998342844158294,0.07821004483998553,0.008846287487545346,0.0203768504266571,0,0.43786014757122016,0,0,0,0,33.6949443216868,7.031695797505158
101.0,25856.0,26111.0,25984.0,259.84000000000003,0.0,0.00390625,2.721412851069128,0.016296503418810136,0.0018770893287253002,0.007074522389665035,0,0.8413289239492215,0.8413289239493614,0.009078201291626328,0.095279595358221,0.19313299687909566,0.07528390157985917,0.0030362822361356713,0.01412083119782205,0,0.40970506277273244,0,0,0,0,36.62620308759258,7.82173820817039
102.0,26112.0,26367.0,26240.0,262.4,0.0,0.00390625,2.0085405536782734,0.012505965933775216,0.002839967673669819,0.008292904883550044,0,0.8117513768453924,0.811751376845532,0.009746614025489098,0.09872494125340919,0.2001167584654149,0.08006275945134712,-0.0012938054810505868,0.0080996416185668,0,0.3972250627933088,0,0,0,0,35.82353570078263,7.3113922490583985
103.0,26368.0,26623.0,26496.0,264.96,0.0,0.00390625,2.8863221352758277,0.017804294433222873,0.0029709970371786945,0.008639457739606811,0,0.8454878910495554,0.8454878910496884,0.010204476350666099,0.10101720819081321,0.20476321379095702,0.08098494905791362,-0.0026104946507669695,-0.0031793085887621498,0,0.45195318338653384,0,0,0,0,38.0255958564852,8.745584519319928
104.0,26624.0,26879.0,26752.0,267.52,0.0,0.00390625,2.182394337003621,0.01375865889742049,0.00214194632608821,0.009542314048735139,0,0.8238930020890033,0.8238930020891383,0.01017885382926182,0.10089030592312534,0.20450598122004648,0.08240280753502369,-0.010339913354624138,-0.01013164198154835,0,0.4952467659216778,0,0,0,0,36.238238330767274,8.01562458104233
105.0,26880.0,27135.0,27008.0,270.08,0.0,0.00390625,1.7338122977105115,0.010741415791217653,0.002219048955413871,0.010210722025253348,0,0.7839086408943343,0.7839086408944757,0.010063084602146955,0.10031492711529504,0.20333968078521367,0.08051863060668753,0.0027670333574368114,-0.0118695886748649,0,0.421063694967813,0,0,0,0,34.13723222369491,6.634185312706936
106.0,27136.0,27391.0,27264.0,272.64,0.0,0.00390625,2.146560546317856,0.012867956613801884,0.0020638500471173485,0.010220115617604292,0,0.8124154174631338,0.8124154174632744,0.009588282456226078,0.0979197756136424,0.19848467709051412,0.07876756442137989,0.005123374127123853,0.02139417318698695,0,0.4345930608882742,0,0,0,0,34.517061808761376,7.217736552027842
107.0,27392.0,27647.0,27520.0,275.2,0.0,0.00390625,2.614769387245853,0.016113410710602523,0.003502770427344161,0.006750720073871972,0,0.8566430843580585,0.8566430843581988,0.00859000466383472,0.0926822780462086,0.18786820041948696,0.07392338414425073,0.0036948942009326947,0.0195260704263884,0,0.4626312547067993,0,0,0,0,36.594693792650034,7.995698656653001
108.0,27648.0,27903.0,27776.0,277.76,0.0,0.00390625,1.7836583219196878,0.011379709946765796,0.002710091695130787,0.010854802791972531,0,0.7924905203202424,0.7924905203203852,0.009701212642023456,0.09849473408270848,0.19965012549312605,0.07722930313919804,-0.0043423604611788034,0.019278862964149,0,0.4648155655969864,0,0,0,0,33.914921908345576,6.642133124043257
109.0,27904.0,28159.0,28032.0,280.32,0.0,0.00390625,2.111071459027656,0.012532724974562835,0.0036775351223713886,0.00869203511529751,0,0.7951453314089382,0.7951453314090734,0.010734082525817165,0.10360541745399786,0.21000954811542324,0.08263405999500012,-0.008253068656923919,-0.0059044189259522,0,0.43787517770267104,0,0,0,0,34.79468708382291,7.471564299108038
110.0,28160.0,28415.0,28288.0,282.88,0.0,0.00390625,2.084904783687373,0.01315247212327327,0.0022612270551793734,0.007733112892603734,0,0.8263023534792835,0.826302353479425,0.00901465502181203,0.09494553713478074,0.19245585645272673,0.07581877254562096,-0.00020228228516852576,0.00584903751135015,0,0.4629590685901471,0,0,0,0,35.16178395090677,7.259266558774276
111.0,28416.0,28671.0,28544.0,285.44,0.0,0.00390625,1.8906478983665556,0.01211152405216641,0.0024845492943237394,0.006855766116861594,0,0.8243216257411141,0.8243216257412627,0.008361441719001633,0.0914409192812585,0.18535194982484943,0.07282313974944656,0.005287270685630823,0.01481572225648625,0,0.37999475954886297,0,0,0,0,34.07634474367953,6.676726218995636
112.0,28672.0,28927.0,28800.0,288.0,0.0,0.00390625,2.1565550201018286,0.013123947367029959,0.00346279044782977,0.008812984830637978,0,0.8265323472060284,0.826532347206168,0.009363293334243666,0.09676411180930493,0.19614213131166985,0.07697228265651579,0.0028405389876452504,0.004013103469892251,0,0.4438512414666709,0,0,0,0,36.18258722114262,7.526057292451162
113.0,28928.0,29183.0,29056.0,290.56,0.0,0.00390625,2.167801318027429,0.013834308855943295,0.0029595668254760238,0.00982374272496583,0,0.834961397797305,0.8349613977974406,0.00996256718591396,0.09981266044903302,0.20232157962595756,0.07896068528647529,0.0013795759762480278,0.0007979656606924501,0,0.48939603394227355,0,0,0,0,37.0868691997085,8.23213432397256
114.0,29184.0,29439.0,29312.0,293.12,0.0,0.00390625,1.5361652530176717,0.010235425316778554,0.0027109740842799893,0.009286630400915352,0,0.8001969266229839,0.8001969266231241,0.009850990828217231,0.0992521578013155,0.2011854333639446,0.07863898158648357,0.00512983170747877,0.01728782572985855,0,0.4683412491269317,0,0,0,0,34.61138022463956,7.007307099487115
115.0,29440.0,29695.0,29568.0,295.68,0.0,0.00390625,1.42843870399258,0.009591048880800233,0.002935388921084603,0.010125047495979384,0,0.7964255483735666,0.7964255483737076,0.009805515035496683,0.09902280058399017,0.20072052325836165,0.0773510214316775,-0.00682862499176891,-0.00712373959559175,0,0.3863137229939184,0,0,0,0,34.0755406267653,6.849985135741571
116.0,29696.0,29951.0,29824.0,298.24,0.0,0.00390625,2.1305282789618416,0.012994732745237724,0.002639820195567469,0.008560881086372178,0,0.8131841375040822,0.8131841375042246,0.00930651009279928,0.09647025496389693,0.1955464796089762,0.0776245979130534,-0.005506404664913794,-0.00403206035094965,0,0.42446119876539906,0,0,0,0,35.14497855529886,7.033493644638
117.0,29952.0,30207.0,30080.0,300.8,0.0,0.00390625,1.8967149912325694,0.011948042674128188,0.0013008405791607373,0.00911716627983008,0,0.8098927377868359,0.8098927377869796,0.009234853617424198,0.09609814575434948,0.1947922093317357,0.0759168641546595,0.0007986149269271544,0.0036724032457180504,0,0.4102452260498598,0,0,0,0,33.32554228060893,6.867688780145747
118.0,30208.0,30463.0,30336.0,303.36,0.0,0.00390625,1.9201341493311426,0.01236499946203233,0.0037438181313530095,0.00948808389992653,0,0.82226496432189,0.8222649643220302,0.009413055368107423,0.09702090170735078,0.19666264782301116,0.07736377856026076,-0.0008837114264519698,0.0112912043658158,0,0.5015768174575302,0,0,0,0,35.05924989175585,7.418664228310635
119.0,30464.0,30719.0,30592.0,305.92,0.0,0.00390625,1.706600584548108,0.011285102300594749,0.004751192269964369,0.008562557900746823,0,0.798907575190209,0.7989075751903396,0.011459947920807245,0.10705114628441512,0.21699408591650415,0.08703489821446747,0.004488267476709384,0.0098219158380737,0,0.4749544524813632,0,0,0,0,36.66811119245678,8.07400850079889
120.0,30720.0,30975.0,30848.0,308.48,0.0,0.00390625,1.947041006804219,0.011964188034723894,0.001740483613358695,0.008250861870110152,0,0.820296457601311,0.8202964576014524,0.009300773828765227,0.09644051964172128,0.195486205718608,0.07520901431078927,0.0026580233958684567,-0.0013128115998269,0,0.39327420549775494,0,0,0,0,35.94807282970067,7.269356703650724
121.0,30976.0,31231.0,31104.0,311.04,0.0,0.00390625,2.065339146327065,0.013375207054676791,0.0026402006507753512,0.00910777882907462,0,0.7982832378305094,0.798283237830642,0.011117859586295669,0.10544126130834963,0.2137308278297208,0.08610715684071917,-0.008589367713907902,-0.0039001307993986,0,0.4504673086690619,0,0,0,0,36.73296333116331,7.829607505777473
122.0,31232.0,31487.0,31360.0,313.6,0.0,0.00390625,1.9634594702279882,0.01261576899572913,0.002286006218816555,0.008122869663199445,0,0.8176690513414481,0.8176690513415891,0.009379679910537765,0.09684874759405908,0.1963136891640235,0.07798174554061368,-0.005969982932654657,-0.00991072703615405,0,0.42357274745544926,0,0,0,0,34.85205440200885,7.23940551762078
123.0,31488.0,31743.0,31616.0,316.16,0.0,0.00390625,1.5202236890912515,0.01010666973606076,0.003159140955477558,0.009743295007665641,0,0.7918707788174486,0.791870778817591,0.009702553544575868,0.09850154082335905,0.19966392284623066,0.07939343230509723,-0.010932063179638215,-0.0058582291184775,0,0.39198909856480646,0,0,0,0,33.33052197001085,6.622717414401119
124.0,31744.0,31999.0,31872.0,318.72,0.0,0.0078125,1.6885979696712248,0.011171054080107077,0.0019934058650718555,0.011212345742534241,0,0.7675528941201505,0.7675528941202864,0.011076258435946375,0.10524380473902668,0.21333058075852546,0.08200664843006913,0.011886204130419704,0.03509740175368715,0,0.4338121373915538,0,0,0,0,33.90460136637284,6.848508351366685
125.0,32000.0,32255.0,32128.0,321.28000000000003,0.0,0.00390625,1.4766155139288324,0.009499058705243483,0.0014173669016732645,0.00930034016382677,0,0.7773749866131686,0.7773749866133042,0.010974836360467359,0.10476085318699614,0.2123516315906539,0.0857201200642742,-0.006076132187271958,-0.01466610154082525,0,0.48732389793629965,0,0,0,0,34.482789046021324,7.081114990515955
126.0,32256.0,32511.0,32384.0,323.84000000000003,0.0,0.00390625,2.085362159922903,0.012834277185576025,0.0021064583593229363,0.009582381234593675,0,0.8097954925697766,0.8097954925699153,0.009841518569339805,0.09920442817404777,0.20108868477974373,0.08002096924457111,-0.002010524784960069,0.009165695496481201,0,0.4564736619737991,0,0,0,0,35.01527579266573,7.315597756669661
127.0,32512.0,32767.0,32640.0,326.40000000000003,0.0,0.00390625,1.9346586445197158,0.012099385958547915,0.0023142252211796775,0.010306204455882586,0,0.8061017743304749,0.8061017743306167,0.009531075912490042,0.09762722935989755,0.19789168197441323,0.07768703325304432,0.008468967732128178,0.0071414727141326,0,0.4629515715261674,0,0,0,0,33.275241091866505,6.964976477859718
128.0,32768.0,33023.0,32896.0,328.96,0.0,0.00390625,1.7506391821396248,0.011449076171144431,0.002469174727321117,0.008144483505331581,0,0.8264318136661756,0.8264318136663223,0.008491848197578814,0.09215122461247498,0.18679174810276267,0.0759639014012861,0.0018784578838041202,0.00629228506238055,0,0.4274081634591447,0,0,0,0,33.388252787200344,6.857338057438581
129.0,33024.0,33279.0,33152.0,331.52,0.0,0.00390625,2.0923991122759444,0.012860909683104571,0.0029947673466263164,0.008121972778357113,0,0.8154575376961871,0.8154575376963215,0.010426265953616709,0.10210908849665004,0.2069764695768018,0.08193201105973302,-0.015772024014274334,-0.011489623631121649,0,0.48985449793060026,0,0,0,0,36.715472216153586,7.910447647241585
130.0,33280.0,33535.0,33408.0,334.08,0.0,0.0078125,1.5795712740613093,0.010601780750382869,0.0028986892340185093,0.007753053551960814,0,0.7874182544483196,0.7874182544484638,0.009660857938081562,0.09828966343457263,0.19923444458371928,0.07903350114960128,0.003250669666749105,0.00123890936328405,0,0.40334680928888667,0,0,0,0,32.87879803027755,6.443778800181395
131.0,33536.0,33791.0,33664.0,336.64,0.0,0.00390625,1.6856611693776367,0.011049142389724709,0.0029033912935686585,0.00885896772491971,0,0.787184472516981,0.7871844725171152,0.010952783424083061,0.1046555465519294,0.2121381736519921,0.0827251594633362,0.004392686208025177,0.0037605977432122,0,0.547096776216135,0,0,0,0,34.61725585248425,7.371174166840552
132.0,33792.0,34047.0,33920.0,339.2,0.0,0.00390625,2.0502076862041467,0.012988088759000094,0.0017618714090072373,0.010192820007919632,0,0.8045466783333677,0.8045466783335036,0.010439660051151657,0.10217465464170485,0.20710937301788626,0.0799620327517156,-0.0001080602906654779,0.01405665857412285,0,0.5374497591219317,0,0,0,0,35.346384660837224,7.568018339516747
133.0,34048.0,34303.0,34176.0,341.76,0.0,0.00390625,1.7753444905030857,0.011086023611339032,0.002146694044160383,0.008696605069150496,0,0.826218922971499,0.8262189229716447,0.008584282918357874,0.09265140537713325,0.18780562111194726,0.07421651699053944,-0.0017122488476034592,-0.020730668114759,0,0.46027293691301496,0,0,0,0,34.55995085685896,6.923490678717829
134.0,34304.0,34559.0,34432.0,344.32,0.0,0.00390625,1.9968150160396154,0.012534140212238948,0.0017213196691541425,0.009778651549925325,0,0.7882601573144397,0.788260157314577,0.01042355866360234,0.10209583078462284,0.20694959601960472,0.08189565391118911,-8.202787147057466e-05,0.0057463914676963,0,0.4792575081880407,0,0,0,0,34.16135535389331,7.0360895205539595
135.0,34560.0,34815.0,34688.0,346.88,0.0,0.00390625,2.16601231289079,0.013768680895021312,0.0023998985988555534,0.008924883089703784,0,0.8099616879044543,0.8099616879045893,0.010406284272863012,0.10201119680144435,0.2067780418190687,0.07970258888561682,-0.010294648611706217,-0.015286470520333051,0,0.447916372989293,0,0,0,0,36.19843270616016,7.719214548722013
136.0,34816.0,35071.0,34944.0,349.44,0.0,0.00390625,2.040696030247374,0.013135564846548358,0.003286552068227589,0.007557610661111904,0,0.8224520216315796,0.822452021631725,0.008628822458625455,0.09289145525087576,0.18829220537316327,0.07315140245638391,0.0018203072119064405,0.0119905112603456,0,0.38530164095622765,0,0,0,0,34.30297283818383,6.826680476914095
137.0,35072.0,35327.0,35200.0,352.0,0.0,0.00390625,1.8006289902309671,0.011667151030808634,0.003474797499691045,0.009524876959432996,0,0.7821038253096765,0.7821038253098148,0.010434077359875487,0.102147331633653,0.2070539889200743,0.08367309891088695,0.003243952562983786,0.0141276725000454,0,0.43838758091501095,0,0,0,0,33.69158129180943,6.84795717368271
138.0,35328.0,35583.0,35456.0,354.56,0.0,0.00390625,1.8108427993556577,0.011330557496142578,0.001956549834856147,0.009699213476377713,0,0.7791614601847845,0.7791614601849173,0.011345841787701707,0.10651686151826717,0.21591108364634287,0.08765149984328977,-0.010868037962524245,-0.009318311952880898,0,0.4570915401248056,0,0,0,0,35.48324327132354,7.388717313792101
139.0,35584.0,35839.0,35712.0,357.12,0.0,0.00390625,1.7491260488814082,0.010925686974333928,0.0033168240161860047,0.010035317573056993,0,0.7904959039541648,0.7904959039542997,0.010885293872661794,0.10433261174082528,0.21148358052918725,0.08611242110993862,-0.0010845222796605873,-0.0077142514388285005,0,0.42408979663187607,0,0,0,0,35.62682091572029,7.428718790732086
140.0,35840.0,36095.0,35968.0,359.68,0.0,0.00390625,1.9388563579935947,0.012133148880394011,0.002605113809467411,0.007931007209543307,0,0.7922355981429468,0.7922355981430903,0.009605593960332906,0.09800813211327367,0.1986637768810136,0.07704787483414935,0.0058860698877850025,0.0107056953487702,0,0.4261701860963176,0,0,0,0,34.16367534078721,6.560652098544225
141.0,36096.0,36351.0,36224.0,362.24,0.0,0.00390625,2.0218206629478033,0.013109157469467777,0.0019476915914103461,0.011225923967390933,0,0.7812470849714611,0.7812470849715923,0.011640098679738257,0.10788928899449776,0.2186930122480239,0.08808331905562622,-0.009388131905243673,-0.0075367870565186505,0,0.4797605394379596,0,0,0,0,36.25791452286556,7.647434887325682
142.0,36352.0,36607.0,36480.0,364.8,0.0,0.00390625,1.9741521873281545,0.012261105224435756,0.0022964985559903598,0.009553249647600905,0,0.8031330511913369,0.8031330511914755,0.01001593849131387,0.1000796607274119,0.20286279271294635,0.07910753541605342,-0.0003421336180697357,-0.008491155657673551,0,0.4431264039521181,0,0,0,0,34.50836521770771,7.223206293389643
143.0,36608.0,36863.0,36736.0,367.36,0.0,0.00390625,1.7353187467696467,0.010854451156363475,0.0024302348883991818,0.008941547633131017,0,0.7852959339467938,0.7852959339469339,0.01023508260415037,0.10116858506547559,0.2050700567131149,0.08004854821567695,-0.007572965674094285,0.00166442525527625,0,0.4936718302281845,0,0,0,0,33.46145062315585,6.805562267892874
144.0,36864.0,37119.0,36992.0,369.92,0.0,0.00390625,1.7618527414077971,0.011451124549143248,0.002440707516352531,0.009181773017085924,0,0.7893722655703632,0.789372265570501,0.010313743507949873,0.10155660248329437,0.20585657313840916,0.0808050550460093,0.0006814769976394852,0.0026421872659186498,0,0.4199768524350251,0,0,0,0,34.6119912588554,6.993021972843962
145.0,37120.0,37375.0,37248.0,372.48,0.0,0.00390625,2.027382181942455,0.012685694332782974,0.002042388094360506,0.008183339703774216,0,0.8181649549277045,0.8181649549278461,0.009255618790906757,0.09620612657677657,0.19501108788345925,0.0762952611018395,0.01347391699477821,0.01151688879729875,0,0.4629200806315282,0,0,0,0,34.722334573813924,7.1635099958864945
146.0,37376.0,37631.0,37504.0,375.04,0.0,0.00390625,1.3880052456528595,0.008948314967981095,0.0026610191562897443,0.008315347754911087,0,0.7644700040226455,0.7644700040227862,0.01055852632328565,0.10275469003060468,0.20828511240398445,0.08190865950658656,-0.002661234259163819,-0.0080526438910845,0,0.4334638225015719,0,0,0,0,32.56060667178444,6.382509663232789
147.0,37632.0,37887.0,37760.0,377.6,0.0,0.00390625,2.0845724060672035,0.012886516023054228,0.002055340804742953,0.011741344877875627,0,0.7764261428338474,0.7764261428339764,0.01214386435936554,0.11019920307953929,0.22337523857465796,0.08772520853737488,0.0014029809626930553,0.01834628620983015,0,0.4776105447985,0,0,0,0,36.44694899294706,7.826946715240974
148.0,37888.0,38143.0,38016.0,380.16,0.0,0.00390625,1.8362858379986702,0.011610164503905354,0.0033674273591152823,0.006687539236517775,0,0.8275048055769292,0.82750480557708,0.007998009346652034,0.08943159031713589,0.1812790135041403,0.07185816709725716,0.0008152440987140852,0.00491776630852155,0,0.4378699821755108,0,0,0,0,33.29358146785431,6.487699642909183
149.0,38144.0,38399.0,38272.0,382.72,0.0,0.00390625,1.9233278264350406,0.01281753043354601,0.005480761686479001,0.009734360310610573,0,0.8212230334920114,0.8212230334921482,0.0099464294111886,0.09973178736585743,0.2021576488193475,0.08132725116452418,-0.0034684621684641995,0.0045284201571902,0,0.4777547788405586,0,0,0,0,36.377495141579104,7.766492680765208
150.0,38400.0,38655.0,38528.0,385.28,0.0,0.00390625,1.7556540062346917,0.011455030617533748,0.002559584660693655,0.010585363012640243,0,0.7808434245391062,0.7808434245392454,0.01042967436598884,0.10212577718670658,0.20701029777173155,0.07895122411847413,-0.0034849687004495436,0.00980620373272515,0,0.4469225846693428,0,0,0,0,34.36559629426398,6.804795890649371
151.0,38656.0,38911.0,38784.0,387.84,0.0,0.00390625,1.8414114274443592,0.011819385194504366,0.0026214643962146345,0.009888651652655706,0,0.7987366262284848,0.7987366262286202,0.010635100609884979,0.10312662415634956,0.20903902778404715,0.08196260863814846,0.010263613619984286,0.01352636108101115,0,0.5115006045775317,0,0,0,0,35.91646098618365,7.517368721543924
152.0,38912.0,39167.0,39040.0,390.4,0.0,0.00390625,1.4750832572426373,0.00990506837423408,0.0030370030739068944,0.00850067175456048,0,0.8063390325128915,0.8063390325130316,0.009738045895776058,0.0986815377655621,0.20002877902289734,0.08056255828364156,0.012508155741665666,0.0149153899830844,0,0.4495721920114304,0,0,0,0,35.37992340311237,7.126368330867445
153.0,39168.0,39423.0,39296.0,392.96,0.0,0.00390625,1.793311539195021,0.011503528707480412,0.002771828288384609,0.00875832210792731,0,0.8010358041631983,0.8010358041633384,0.009889863105552076,0.09944779085305051,0.20158198414093031,0.07872463561805218,0.005844991281011742,0.01525539626446795,0,0.42275995614973455,0,0,0,0,34.24948838491636,7.063279969630321
154.0,39424.0,39679.0,39552.0,395.52,0.0,0.00390625,1.8983180500258285,0.011389737184902514,0.0017093372651539114,0.009331028405598168,0,0.7907588047567558,0.7907588047568979,0.009870009080056662,0.09934791935444175,0.20137954329557828,0.07852801924440828,0.004227913633848036,0.01019691250370045,0,0.43561191164766266,0,0,0,0,33.845966358262544,6.712579474875371
155.0,39680.0,39935.0,39808.0,398.08,0.0,0.00390625,1.7207080399321593,0.011030267469154073,0.0020876811813031796,0.008331472741623588,0,0.8079409954326331,0.807940995432771,0.009970487510377652,0.09985232851755461,0.20240198732421844,0.0814447373930231,0.009522056788758657,0.0044806832223983,0,0.412060270120074,0,0,0,0,35.226793026770224,7.347524156987047
156.0,39936.0,40191.0,40064.0,400.64,0.0,0.00390625,1.8865144236801608,0.012046924310393795,0.0016888141552442524,0.009156216896320913,0,0.8035205318318147,0.8035205318319512,0.010318534467602697,0.10158018737727696,0.20590438002968328,0.08095565673046679,0.00619476239606067,0.00665935551475755,0,0.42958909573897097,0,0,0,0,36.15269816685358,7.4506120740515875
157.0,40192.0,40447.0,40320.0,403.2,0.0,0.00390625,1.872553435139343,0.011763805530073222,0.002745768365356894,0.008680568910916344,0,0.810431587519451,0.8104315875195957,0.009093921519936331,0.09536205492718963,0.1933001435133398,0.07615608412877434,0.011840915663082891,0.0028372568728237,0,0.4242726238515416,0,0,0,0,33.68087337269631,6.777092816159603
158.0,40448.0,40703.0,40576.0,405.76,0.0,0.00390625,1.8115682168097507,0.011774612735123808,0.0021512807511625738,0.007771599471001199,0,0.8019918917864195,0.8019918917865617,0.009578295861776626,0.09786876857188215,0.19838128514389577,0.0794444901545859,0.0055690667288468085,0.0133896642704391,0,0.3888012352653698,0,0,0,0,35.370944934418965,6.863684104703972
159.0,40704.0,40959.0,40832.0,408.32,0.0,0.00390625,1.87920575777882,0.011989674078870508,0.002261249663375409,0.009522007065132877,0,0.788218725421879,0.7882187254220153,0.010705497368941327,0.10346737345144762,0.20972973110094625,0.0824981852449743,0.004295294370091279,-0.0031545926770509504,0,0.4609202615986482,0,0,0,0,35.35944199468649,7.233212321499339
160.0,40960.0,41215.0,41088.0,410.88,0.0,0.00390625,1.5413732270798615,0.010573490950314322,0.004318557389112849,0.009344345930706363,0,0.8102201822042555,0.8102201822043935,0.010047414625266165,0.10023679277224588,0.20318130144097393,0.07779478658034886,-0.006127938746974166,-0.00181503709888215,0,0.48450400622093676,0,0,0,0,35.088999175077795,7.476819948232688
161.0,41216.0,41471.0,41344.0,413.44,0.0,0.00390625,1.6921792798102429,0.01094896961135489,0.0022442083383377013,0.011635183983050018,0,0.7968049387813803,0.7968049387815179,0.010373198619730958,0.10184890092549334,0.206449065937237,0.0818724211836287,-0.0008821299035695514,0.0110451956677474,0,0.4357598318022586,0,0,0,0,35.58847269406435,7.273278341420947
162.0,41472.0,41727.0,41600.0,416.0,0.0,0.00390625,2.0490013272632486,0.012651976829465537,0.001653659805856717,0.009137114577905978,0,0.7790433932402281,0.7790433932403626,0.011198990353875926,0.10582528220551045,0.21450924325491255,0.08374469279153313,0.008209491429110084,0.00599687485650565,0,0.4163193695948972,0,0,0,0,35.78903331980604,7.286120274478675
163.0,41728.0,41983.0,41856.0,418.56,0.0,0.00390625,2.141368134418817,0.013702946400411985,0.0035175442347038038,0.008673707304068756,0,0.8390130422649471,0.8390130422650846,0.009529927516109305,0.09762134764542695,0.1978797596615799,0.07845539717888397,-0.011064421227044836,-0.02239370530668815,0,0.4330191775636561,0,0,0,0,37.524290008411604,8.066627013335335
164.0,41984.0,42239.0,42112.0,421.12,0.0,0.00390625,1.7712593831756227,0.011243059301996226,0.0023197972461915014,0.008694149285085244,0,0.8189696406199163,0.8189696406200562,0.009508246766480512,0.09751023929044843,0.19765454156011095,0.07779835809778093,0.007176209213347832,0.0086929578616432,0,0.47063275002061294,0,0,0,0,35.51545343800282,7.377803984079616
165.0,42240.0,42495.0,42368.0,423.68,0.0,0.00390625,1.5901214729581588,0.010925945795945236,0.003153819348022951,0.00865739738228898,0,0.8202389552831637,0.8202389552833085,0.00883732289673076,0.0940070364213805,0.19055350312439137,0.0752877568144924,-0.003136160282708137,0.004299062248963001,0,0.43024598071715403,0,0,0,0,34.65072722526453,6.914114972125341
166.0,42496.0,42751.0,42624.0,426.24,0.0,0.00390625,2.3299287693451194,0.014503467149019306,0.0028929929127890757,0.01100631904466395,0,0.8093328912395953,0.8093328912397317,0.01026431995078142,0.10131298016928246,0.20536274749363345,0.07989870619325895,-0.005778710642261865,-0.0025718507428771,0,0.49833828329895535,0,0,0,0,36.06966709606118,7.600471622176237
167.0,42752.0,43007.0,42880.0,428.8,0.0,0.00390625,1.6971195199193039,0.011018103990681538,0.003589579424366479,0.007866855983170686,0,0.8022227425982182,0.8022227425983605,0.009543995581404228,0.09769337531994801,0.1980257607081438,0.07714388281702135,0.0030498772934997795,0.00057272193470765,0,0.47284637603535995,0,0,0,0,33.746361513626724,6.845494232414895
168.0,43008.0,43263.0,43136.0,431.36,0.0,0.00390625,1.8076444986250066,0.010961772730154095,0.002070788162402306,0.008825192837732187,0,0.7820943166637953,0.7820943166639374,0.009972595244424032,0.09986288221568629,0.2024233798095734,0.07906253698050578,0.007679431864930858,0.01060466171236455,0,0.45242076322318886,0,0,0,0,33.33461151892779,6.507592666470917
169.0,43264.0,43519.0,43392.0,433.92,0.0,0.00390625,1.7423381302546663,0.0109893354388014,0.002795690238298906,0.008998950785526162,0,0.80992747057359,0.8099274705737323,0.00938510811542765,0.09687676767640242,0.1963704862406213,0.076516345627402,0.004269311803410308,0.01362408649164885,0,0.44778808325269526,0,0,0,0,34.34013642000275,6.983188770491285
170.0,43520.0,43775.0,43648.0,436.48,0.0,0.00390625,2.104838392354139,0.013017381158883595,0.0024652121580924628,0.01065887544719579,0,0.7855522222462938,0.785552222246426,0.011305877174143747,0.10632909843567633,0.2155304854006462,0.08706493968814794,0.00168706614886582,-0.00051195181916105,0,0.5017632118800538,0,0,0,0,35.81309444670062,7.558717268006434
171.0,43776.0,44031.0,43904.0,439.04,0.0,0.00390625,2.4366646845465394,0.014776488879987218,0.0026732957647329445,0.011251704798971722,0,0.8259667492159857,0.8259667492161229,0.009668195576859655,0.09832698295411924,0.19931009174222183,0.0793766095219419,-0.0034961262649795405,0.009319585362283452,0,0.4967597213589763,0,0,0,0,35.92032818905746,7.7270067049499165
172.0,44032.0,44287.0,44160.0,441.6,0.0,0.00390625,2.1883230105881513,0.012967957946300441,0.001954095763374312,0.00933786980034252,0,0.8195984229855986,0.8195984229857396,0.009341085236354272,0.09664928989058467,0.19590938576750086,0.07917442248903686,-0.004779224807737896,-0.0127301315300039,0,0.5030402161499112,0,0,0,0,34.80251707070816,7.2757506820009485
173.0,44288.0,44543.0,44416.0,444.16,0.0,0.00390625,1.812363059738019,0.011681453754926258,0.001928264535974257,0.011429914268197916,0,0.7858361480904514,0.7858361480905877,0.010681710957643024,0.10335236309655926,0.20949660359417835,0.0832530336792367,-0.006961516913283911,-0.00212601232431595,0,0.5040810398751879,0,0,0,0,34.42680624020348,7.141582826702499
174.0,44544.0,44799.0,44672.0,446.72,0.0,0.00390625,1.8063776578182384,0.01157230156120391,0.002297702160182485,0.01113199916733344,0,0.7968792536702259,0.7968792536703665,0.009938759394472616,0.09969332672989008,0.20207968860280456,0.07851912272941676,-0.0016409967958349418,0.0079525964882198,0,0.42415901480106655,0,0,0,0,33.9249879027223,6.963293455773564
175.0,44800.0,45055.0,44928.0,449.28,0.0,0.00390625,2.216291704399389,0.01383599756665931,0.0024823478486281775,0.009486845687821616,0,0.8235876475578571,0.8235876475579953,0.009684538619113472,0.09841005344533389,0.199478476723919,0.07859923179995867,-0.003050545637574141,0.00198465698335935,0,0.47250832215927,0,0,0,0,35.421688911906415,7.659375286953433
176.0,45056.0,45311.0,45184.0,451.84,0.0,0.00390625,2.1528086884112065,0.013696578362507495,0.0034433747476303907,0.009420329192252738,0,0.8125380429690173,0.8125380429691557,0.009781366626424428,0.09890079183921849,0.20047320992296577,0.07747539949526228,0.0013017589959474322,0.01179469170848785,0,0.473761238099946,0,0,0,0,34.42083298918743,7.362545253261723
177.0,45312.0,45567.0,45440.0,454.4,0.0,0.0078125,1.7053711419260251,0.011539868522185803,0.003382314875169102,0.010294699486605514,0,0.7993913647892984,0.7993913647894372,0.010076722219937207,0.10038287812140678,0.20347741837112565,0.07954777249749734,0.016641401927812043,0.0254810182014538,0,0.5329777496719708,0,0,0,0,34.4876827644123,7.14532120122804
178.0,45568.0,45823.0,45696.0,456.96,0.0,0.00390625,1.965172230989526,0.012965498647411049,0.003028382350962074,0.007634431900693029,0,0.8163082503191382,0.8163082503192749,0.009996194303789653,0.09998096970818823,0.2026627447148828,0.0796233178259492,-0.008276565877638527,-0.009457358962434551,0,0.415174975345405,0,0,0,0,36.01232170870004,7.63988216923605
179.0,45824.0,46079.0,45952.0,459.52,0.0,0.00390625,2.3727885263444155,0.015094122371960051,0.0034463628985612203,0.010398816213718546,0,0.8170874595002294,0.8170874595003665,0.009987285880297275,0.09993640918252604,0.20257241994144845,0.0797898863718461,0.0038433133317504406,0.02204059251308115,0,0.4156144569307757,0,0,0,0,35.86799588272384,7.6591822454397445
180.0,46080.0,46335.0,46208.0,462.08,0.0,0.00390625,1.949173286177386,0.01268034346396707,0.0021871007892838392,0.010036328177348485,0,0.8123931479941682,0.8123931479943034,0.01041435148614933,0.10205072996382401,0.20685817606079995,0.08385520913237628,-0.005290604905524144,0.00262493693816595,0,0.45368675407310716,0,0,0,0,36.268906918345934,7.803237887274956
181.0,46336.0,46591.0,46464.0,464.64,0.0,0.00390625,2.0419049937868077,0.012596257769396301,0.0020402242706759792,0.010284399039237795,0,0.8000824447604972,0.8000824447606358,0.010055982481780596,0.10027952174686812,0.2032679136362854,0.07921930007840694,-0.02398741733060933,-0.02508425842777575,0,0.47253424128977556,0,0,0,0,34.146562951826496,7.152807589269625
182.0,46592.0,46847.0,46720.0,467.2,0.0,0.00390625,1.93134976357709,0.011888801336803421,0.0025750572072548526,0.009715111405161824,0,0.7799900165015073,0.7799900165016436,0.010843458785162217,0.10413192971016247,0.21107679540530033,0.08407204976286278,0.003898553047532269,0.00534329921131865,0,0.4513390144637092,0,0,0,0,35.74726664355005,7.071256620262403
183.0,46848.0,47103.0,46976.0,469.76,0.0,0.00390625,1.6284705326541475,0.010487688666187146,0.0022895948707820756,0.00892171672606554,0,0.7961974629459937,0.7961974629461381,0.009396553517007411,0.0969358216399253,0.19649018940382096,0.07714269489241873,0.0122781874131364,0.013737994885862151,0,0.4431788392383416,0,0,0,0,33.225521358360425,6.531002668439148
184.0,47104.0,47359.0,47232.0,472.32,0.0,0.0078125,1.6338915014323732,0.011033642267683882,0.0029180209799220718,0.00818973213665823,0,0.7978108491621855,0.7978108491623274,0.009765870949284921,0.09882242128831352,0.20031435178228585,0.07895728078100464,-0.002550541714971339,-0.01682802910604045,0,0.46721740763974906,0,0,0,0,33.90611541838691,6.865970453873077
185.0,47360.0,47615.0,47488.0,474.88,0.0,0.00390625,1.4707688518000779,0.00986022689505817,0.0021841418245957876,0.008018635500270627,0,0.7799319759488366,0.7799319759489782,0.0100788874918614,0.10039366260806207,0.2034992786678629,0.07846418501886446,0.014324476395276337,0.0104776705020157,0,0.5095590541227015,0,0,0,0,32.06248869178979,6.517633515508031
186.0,47616.0,47871.0,47744.0,477.44,0.0,0.00390625,1.601580669010517,0.01024362730782167,0.0030419284211638128,0.008821077259389215,0,0.7793826983012635,0.779382698301399,0.011000079114838796,0.10488126198153222,0.212595701805813,0.08196219248379799,-0.00018541020440597522,-0.007396199315837499,0,0.4169543896378482,0,0,0,0,35.04137198330625,7.160783466532063
187.0,47872.0,48127.0,48000.0,480.0,0.0,0.00390625,2.2175555440762618,0.014085914135104625,0.004655476350901895,0.010621366528972382,0,0.8242215675275519,0.8242215675276887,0.009853857681442679,0.09926659902224251,0.2012147059092964,0.07846598600805688,-0.01808725571878906,-0.010866691791522949,0,0.4790231600573098,0,0,0,0,36.65552465811606,7.800472080371788
188.0,48128.0,48383.0,48256.0,482.56,0.0,0.00390625,1.6719298020587154,0.010461616700787449,0.0026193405421357716,0.00815960417055648,0,0.8050001295834285,0.8050001295835731,0.009147663125303946,0.09564341652881261,0.193870467192023,0.07577961435504439,-0.0020362359373642634,-0.0044480577077675495,0,0.429913923475323,0,0,0,0,33.83391390593881,6.6339049825719005
189.0,48384.0,48639.0,48512.0,485.12,0.0,0.00390625,1.543432512663866,0.010075933732016033,0.0023766083735162645,0.010359306977722601,0,0.793384264629436,0.7933842646295759,0.010070427918157088,0.10035152175307104,0.20341385859880337,0.08183168639784963,-0.0007164233282377815,-0.0024608586325066,0,0.4448349128193997,0,0,0,0,33.643786553448116,6.946040974951794
190.0,48640.0,48895.0,48768.0,487.68,0.0,0.00390625,1.6066517499438029,0.010804719923415267,0.0039733024318791025,0.009589235521075143,0,0.7976311398862931,0.797631139886425,0.011220402663728174,0.1059264021088613,0.21471421463314783,0.08483665509984196,0.004170048220850538,0.01116714827339445,0,0.45391605907233895,0,0,0,0,37.20423659063496,7.87719072803938
191.0,48896.0,49151.0,49024.0,490.24,0.0,0.00390625,1.843554141043485,0.011887826274637605,0.003507520426915645,0.009377784806949353,0,0.7942331846237685,0.7942331846239078,0.010083358892239378,0.10041592947455787,0.2035444139000317,0.07902478574189344,0.006542697702420023,0.016937352727232652,0,0.43917038821906873,0,0,0,0,34.42218377393169,6.982945931636827
192.0,49152.0,49407.0,49280.0,492.8,0.0,0.00390625,2.3755340661981794,0.014840139925818513,0.0030543300835774913,0.008822921577104284,0,0.8239759432044753,0.8239759432046114,0.009946679621198527,0.09973304177251653,0.20216019151819575,0.08034598189875433,-0.005002543204046757,0.0124203151573795,0,0.47343436334203254,0,0,0,0,37.32606130489633,7.85745859554733
193.0,49408.0,49663.0,49536.0,495.36,0.0,0.00390625,1.895363482718373,0.011872557498628429,0.0019315565050746916,0.011633788783521956,0,0.7789520469395336,0.7789520469396677,0.011168000367970943,0.10567876024997143,0.21421224131787195,0.08706511889623754,0.009318468174354402,0.02008071748550165,0,0.4094306297014435,0,0,0,0,35.20753946283859,7.262275395237224
194.0,49664.0,49919.0,49792.0,497.92,0.0,0.00390625,1.7426096004413445,0.011363823574238454,0.003566390353387534,0.00924177649763819,0,0.8033401992057749,0.8033401992059159,0.009658460752094065,0.09827746818113532,0.19920972464410164,0.07816873067190933,0.007881766968985668,0.021911887292752348,0,0.44214407285605994,0,0,0,0,34.129804607085966,6.968418187886598
195.0,49920.0,50175.0,50048.0,500.48,0.0,0.00390625,1.91570582120997,0.01230290348139041,0.00290507928241531,0.009478329088654341,0,0.7919478502129143,0.7919478502130569,0.009808120994426944,0.09903595808809518,0.20074719369277833,0.07897545647033305,0.002916725189737934,0.01829425352916915,0,0.38418537090560956,0,0,0,0,34.24191854231742,6.705069522243946
196.0,50176.0,50431.0,50304.0,503.04,0.0,0.00390625,1.9692752494545807,0.012239804241399754,0.0024448806199437053,0.008119490989411634,0,0.8136855151875549,0.8136855151876965,0.009379365333501907,0.0968471235169218,0.19631039713823872,0.07562744017977902,0.004093403735258331,-0.0037789464334959,0,0.44369583437732907,0,0,0,0,34.39886890748106,7.105176679791106
197.0,50432.0,50687.0,50560.0,505.6,0.0,0.00390625,1.814705099940959,0.01183579602559947,0.0030190398628152423,0.010044919755418298,0,0.8027605985467356,0.802760598546873,0.010271862813131026,0.10135019888056968,0.20543819031246421,0.08180089558960021,0.0011704008040233464,0.00764790246246925,0,0.48438481539309325,0,0,0,0,35.41589061804075,7.393323004840992
198.0,50688.0,50943.0,50816.0,508.16,0.0,0.00390625,2.349556854708018,0.014403332701728198,0.0021768563448954005,0.008405559577147515,0,0.8353929967093914,0.8353929967095327,0.008949672893806455,0.09460271081637384,0.19176094298217702,0.07560709166520219,-0.0014085734481088241,-0.0064114832165114,0,0.4795838506762269,0,0,0,0,35.19008833118393,7.522947451053097
199.0,50944.0,51199.0,51072.0,510.72,0.0,0.00390625,1.2556353473756827,0.008841350841059137,0.0033119793594523664,0.012556190850005174,1,0.7824350915543029,0.7881678694088,0.01034081631772677,0.10168980439418088,0.20612657516919877,0.07996410397410489,0.0010059736308630635,0.014812615370927101,0,0.5700200380191255,0,0,0,0,33.896397414869774,6.959960392629329
